Employee_ID,Performance_Category
12001,Average Performer
12002,Average Performer
12003,Average Performer
12004,Low Performer
12005,Average Performer
12006,Low Performer
12007,Average Performer
12008,Average Performer
12009,Average Performer
12010,Average Performer
12011,Average Performer
12012,Average Performer
12013,Average Performer
12014,Low Performer
12015,High Performer
12016,Low Performer
12017,Average Performer
12018,Average Performer
12019,Low Performer
12020,Average Performer
12021,Average Performer
12022,Average Performer
12023,Average Performer
12024,Low Performer
12025,Average Performer
12026,High Performer
12027,Average Performer
12028,High Performer
12029,Low Performer
12030,Average Performer
12031,High Performer
12032,Average Performer
12033,Average Performer
12034,Average Performer
12035,Average Performer
12036,Average Performer
12037,Average Performer
12038,High Performer
12039,Average Performer
12040,Average Performer
12041,High Performer
12042,Low Performer
12043,Average Performer
12044,Average Performer
12045,High Performer
12046,Average Performer
12047,Average Performer
12048,High Performer
12049,Average Performer
12050,Average Performer
12051,Low Performer
12052,Low Performer
12053,Average Performer
12054,Low Performer
12055,Average Performer
12056,Low Performer
12057,Average Performer
12058,Low Performer
12059,Average Performer
12060,Average Performer
12061,Average Performer
12062,Average Performer
12063,Average Performer
12064,Average Performer
12065,Average Performer
12066,Average Performer
12067,Average Performer
12068,High Performer
12069,Average Performer
12070,Average Performer
12071,Low Performer
12072,Average Performer
12073,Low Performer
12074,Average Performer
12075,Low Performer
12076,Average Performer
12077,Average Performer
12078,Average Performer
12079,Average Performer
12080,Low Performer
12081,Average Performer
12082,High Performer
12083,Average Performer
12084,High Performer
12085,High Performer
12086,Average Performer
12087,Average Performer
12088,Low Performer
12089,Average Performer
12090,Average Performer
12091,Average Performer
12092,Average Performer
12093,Average Performer
12094,High Performer
12095,Average Performer
12096,Average Performer
12097,Average Performer
12098,Average Performer
12099,Low Performer
12100,Average Performer
12101,Low Performer
12102,Average Performer
12103,Average Performer
12104,Low Performer
12105,Average Performer
12106,Average Performer
12107,Average Performer
12108,Average Performer
12109,Average Performer
12110,Average Performer
12111,Low Performer
12112,Low Performer
12113,Low Performer
12114,Average Performer
12115,Low Performer
12116,Low Performer
12117,Average Performer
12118,Average Performer
12119,Average Performer
12120,Average Performer
12121,Average Performer
12122,Average Performer
12123,Low Performer
12124,Average Performer
12125,Average Performer
12126,Average Performer
12127,High Performer
12128,Average Performer
12129,Low Performer
12130,High Performer
12131,Average Performer
12132,High Performer
12133,Average Performer
12134,Average Performer
12135,High Performer
12136,Low Performer
12137,High Performer
12138,Average Performer
12139,Average Performer
12140,Average Performer
12141,High Performer
12142,Average Performer
12143,Average Performer
12144,Average Performer
12145,Average Performer
12146,High Performer
12147,Low Performer
12148,Average Performer
12149,High Performer
12150,Average Performer
12151,Average Performer
12152,Average Performer
12153,Average Performer
12154,Average Performer
12155,Average Performer
12156,Average Performer
12157,Average Performer
12158,Low Performer
12159,Average Performer
12160,Low Performer
12161,High Performer
12162,Average Performer
12163,High Performer
12164,Average Performer
12165,Average Performer
12166,High Performer
12167,Low Performer
12168,Low Performer
12169,Low Performer
12170,High Performer
12171,Average Performer
12172,Average Performer
12173,Average Performer
12174,Average Performer
12175,Average Performer
12176,Low Performer
12177,Average Performer
12178,Low Performer
12179,Average Performer
12180,Low Performer
12181,Low Performer
12182,Average Performer
12183,Low Performer
12184,Low Performer
12185,Average Performer
12186,Average Performer
12187,Average Performer
12188,Average Performer
12189,Average Performer
12190,Average Performer
12191,Average Performer
12192,Low Performer
12193,Low Performer
12194,Average Performer
12195,Average Performer
12196,Low Performer
12197,Low Performer
12198,Low Performer
12199,Low Performer
12200,Average Performer
12201,Average Performer
12202,Average Performer
12203,Low Performer
12204,Average Performer
12205,Average Performer
12206,High Performer
12207,Average Performer
12208,Average Performer
12209,Average Performer
12210,Average Performer
12211,Average Performer
12212,Average Performer
12213,Average Performer
12214,Average Performer
12215,Average Performer
12216,Average Performer
12217,Average Performer
12218,Average Performer
12219,Average Performer
12220,Low Performer
12221,Low Performer
12222,Average Performer
12223,High Performer
12224,Average Performer
12225,Average Performer
12226,Low Performer
12227,Average Performer
12228,Average Performer
12229,Average Performer
12230,Average Performer
12231,Average Performer
12232,Low Performer
12233,Average Performer
12234,Average Performer
12235,Average Performer
12236,Low Performer
12237,Average Performer
12238,Average Performer
12239,Average Performer
12240,Low Performer
12241,Average Performer
12242,Average Performer
12243,Average Performer
12244,Low Performer
12245,Average Performer
12246,Average Performer
12247,Low Performer
12248,Average Performer
12249,Average Performer
12250,Average Performer
12251,Average Performer
12252,Average Performer
12253,Average Performer
12254,Low Performer
12255,Average Performer
12256,Low Performer
12257,Average Performer
12258,High Performer
12259,Average Performer
12260,Average Performer
12261,Average Performer
12262,Average Performer
12263,Average Performer
12264,Average Performer
12265,Average Performer
12266,Average Performer
12267,High Performer
12268,Average Performer
12269,Average Performer
12270,Average Performer
12271,Average Performer
12272,Average Performer
12273,Low Performer
12274,Average Performer
12275,High Performer
12276,High Performer
12277,Low Performer
12278,High Performer
12279,Low Performer
12280,Low Performer
12281,Low Performer
12282,Average Performer
12283,Average Performer
12284,Average Performer
12285,Low Performer
12286,Average Performer
12287,Average Performer
12288,Average Performer
12289,Average Performer
12290,Average Performer
12291,Low Performer
12292,Low Performer
12293,Low Performer
12294,Average Performer
12295,Average Performer
12296,Average Performer
12297,Average Performer
12298,Low Performer
12299,Average Performer
12300,Average Performer
12301,Average Performer
12302,High Performer
12303,Average Performer
12304,Low Performer
12305,Average Performer
12306,Low Performer
12307,Average Performer
12308,Average Performer
12309,High Performer
12310,Average Performer
12311,Average Performer
12312,Low Performer
12313,Average Performer
12314,Average Performer
12315,Average Performer
12316,Average Performer
12317,High Performer
12318,Average Performer
12319,Average Performer
12320,Low Performer
12321,Average Performer
12322,Average Performer
12323,Average Performer
12324,Average Performer
12325,Low Performer
12326,Low Performer
12327,Average Performer
12328,Average Performer
12329,Low Performer
12330,Low Performer
12331,Average Performer
12332,Low Performer
12333,Average Performer
12334,High Performer
12335,Average Performer
12336,Average Performer
12337,Average Performer
12338,Average Performer
12339,Average Performer
12340,Average Performer
12341,High Performer
12342,Average Performer
12343,Average Performer
12344,Average Performer
12345,Average Performer
12346,Average Performer
12347,Low Performer
12348,Low Performer
12349,Low Performer
12350,Average Performer
12351,Average Performer
12352,Average Performer
12353,Low Performer
12354,Low Performer
12355,Average Performer
12356,Average Performer
12357,Average Performer
12358,Low Performer
12359,Average Performer
12360,Average Performer
12361,Average Performer
12362,Low Performer
12363,Average Performer
12364,Low Performer
12365,Average Performer
12366,Average Performer
12367,Average Performer
12368,Low Performer
12369,Low Performer
12370,Low Performer
12371,Average Performer
12372,Low Performer
12373,High Performer
12374,Average Performer
12375,High Performer
12376,Low Performer
12377,Low Performer
12378,Average Performer
12379,Average Performer
12380,Low Performer
12381,Average Performer
12382,Low Performer
12383,Average Performer
12384,Average Performer
12385,Low Performer
12386,Average Performer
12387,Average Performer
12388,Average Performer
12389,Average Performer
12390,Average Performer
12391,High Performer
12392,Average Performer
12393,Low Performer
12394,Average Performer
12395,Average Performer
12396,Low Performer
12397,Low Performer
12398,Average Performer
12399,Low Performer
12400,Average Performer
12401,Average Performer
12402,Average Performer
12403,Low Performer
12404,Low Performer
12405,Average Performer
12406,Average Performer
12407,Average Performer
12408,Average Performer
12409,Low Performer
12410,Low Performer
12411,Average Performer
12412,Average Performer
12413,Average Performer
12414,Low Performer
12415,High Performer
12416,Average Performer
12417,Average Performer
12418,Average Performer
12419,High Performer
12420,Average Performer
12421,Average Performer
12422,Low Performer
12423,Low Performer
12424,Low Performer
12425,Average Performer
12426,Low Performer
12427,Average Performer
12428,High Performer
12429,Average Performer
12430,Average Performer
12431,Average Performer
12432,Average Performer
12433,High Performer
12434,Average Performer
12435,Average Performer
12436,Average Performer
12437,Average Performer
12438,Average Performer
12439,Average Performer
12440,Average Performer
12441,Average Performer
12442,High Performer
12443,Low Performer
12444,Average Performer
12445,Average Performer
12446,High Performer
12447,Average Performer
12448,Average Performer
12449,Average Performer
12450,High Performer
12451,Average Performer
12452,Low Performer
12453,Average Performer
12454,Average Performer
12455,Average Performer
12456,Average Performer
12457,Low Performer
12458,Low Performer
12459,Average Performer
12460,Average Performer
12461,Average Performer
12462,Low Performer
12463,Average Performer
12464,Low Performer
12465,Low Performer
12466,High Performer
12467,Low Performer
12468,Low Performer
12469,Low Performer
12470,Average Performer
12471,Average Performer
12472,Average Performer
12473,Average Performer
12474,Low Performer
12475,Average Performer
12476,Average Performer
12477,Average Performer
12478,Low Performer
12479,Average Performer
12480,Low Performer
12481,Average Performer
12482,Average Performer
12483,Average Performer
12484,Low Performer
12485,Average Performer
12486,Average Performer
12487,Average Performer
12488,High Performer
12489,Average Performer
12490,Average Performer
12491,Average Performer
12492,High Performer
12493,Low Performer
12494,Average Performer
12495,Low Performer
12496,Low Performer
12497,Average Performer
12498,Average Performer
12499,Low Performer
12500,Average Performer
